family,case,tail_ratio,passes,mean_estimate,abs_error,empirical_sd,empirical_stderr,mean_runtime_s,total_runtime_s,max_frontier_memory_mb,reference
clifford_t,ct_n20_d12,0.05,1,0.3312766895818646,0.0017559268923676,,,4.130384114,4.130384114,41.02606201171875,0.3295207626894969
clifford_t,ct_n20_d12,0.05,2,0.330056898434059,0.000536135744562,0.0017250451844893,0.0012197911478055,4.333357714,8.666715428,41.02606201171875,0.3295207626894969
clifford_t,ct_n20_d12,0.05,3,0.3298446017699568,0.0003238390804598,0.0012740094446399,0.0007355496958129,4.1873420386666655,12.562026116,41.071334838867195,0.3295207626894969
clifford_t,ct_n20_d12,0.05,4,0.3296773388776633,0.0001565761881663,0.0010926912695609,0.0005463456347804,4.2231136425,16.892454569999998,41.098342895507805,0.3295207626894969
clifford_t,ct_n20_d12,0.05,5,0.3298185146718319,0.000297751982335,0.0009975638737577,0.000446124126724,4.3589126966,21.794563483,41.308135986328125,0.3295207626894969
clifford_t,ct_n20_d12,0.05,6,0.3299672626816365,0.0004464999921395,0.0009637752685694,0.0003934596057848,4.355398841,26.132393046,41.39849853515625,0.3295207626894969
clifford_t,ct_n20_d12,0.05,7,0.3299517507786398,0.0004309880891428,0.0008807591276074,0.0003328956595142,4.496814157,31.477699099,41.39849853515625,0.3295207626894969
clifford_t,ct_n20_d12,0.05,8,0.3300918188432479,0.0005710561537509,0.0009065702523934,0.0003205209865447,4.46319176625,35.70553413,41.39849853515625,0.3295207626894969
clifford_t,ct_n20_d12,0.05,9,0.3300451373533003,0.0005243746638033,0.0008595047255499,0.0002865015751833,4.514820841444444,40.633387573,41.39849853515625,0.3295207626894969
clifford_t,ct_n20_d12,0.05,10,0.3300657941652925,0.0005450314757955,0.0008129774040383,0.0002570860283012,4.5740489016,45.740489016,41.39849853515625,0.3295207626894969
clifford_t,ct_n20_d12,0.1,1,0.3301416407235336,0.0006208780340366,,,6.804331044,6.804331044,42.888427734375,0.3295207626894969
clifford_t,ct_n20_d12,0.1,2,0.3298870008741416,0.0003662381846447,0.0003601151285307,0.0002546398493919,6.0961199875,12.192239975,42.888427734375,0.3295207626894969
clifford_t,ct_n20_d12,0.1,3,0.3298832636998457,0.0003625010103487,0.0002547221080187,0.0001470638776331,5.5316587010000005,16.594976103,42.888427734375,0.3295207626894969
clifford_t,ct_n20_d12,0.1,4,0.3296013613796026,8.05986901056821e-05,0.000600941961293,0.0003004709806465,5.2111730895,20.844692358,42.888427734375,0.3295207626894969
clifford_t,ct_n20_d12,0.1,5,0.3295385714352256,1.7808745728709052e-05,0.0005390373977808,0.0002410648527705,4.9718079196,24.859039598000003,42.888427734375,0.3295207626894969
clifford_t,ct_n20_d12,0.1,6,0.3295764302962823,5.566760678532568e-05,0.0004909672220506,0.0002004365290759,4.886161900833334,29.316971405,42.888427734375,0.3295207626894969
clifford_t,ct_n20_d12,0.1,7,0.3295722897259161,5.152703641914114e-05,0.0004483235675277,0.0001694503809382,4.963573762285714,34.745016336,42.888427734375,0.3295207626894969
clifford_t,ct_n20_d12,0.1,8,0.3296274494638801,0.0001066867743831,0.0004434200752545,0.0001567726710633,5.058769978375,40.470159827,42.89859008789063,0.3295207626894969
clifford_t,ct_n20_d12,0.1,9,0.3296120487552994,9.128606580249832e-05,0.0004173467732826,0.0001391155910942,5.069496444111112,45.625467997,42.89859008789063,0.3295207626894969
clifford_t,ct_n20_d12,0.1,10,0.3297174881130759,0.0001967254235789,0.0005157516487294,0.0001630949916972,5.0364990938,50.364990938,42.918411254882805,0.3295207626894969
clifford_t,ct_n20_d12,0.2,1,0.3287656772193111,0.0007550854701858,,,5.365202885,5.365202885,46.023468017578125,0.3295207626894969
clifford_t,ct_n20_d12,0.2,2,0.3292868036729216,0.0002339590165753,0.0007369840984073,0.0005211264536104,5.519069122,11.038138244,46.023468017578125,0.3295207626894969
clifford_t,ct_n20_d12,0.2,3,0.3293667032316879,0.000154059457809,0.0005391888343853,0.0003113008186763,5.639027288,16.917081864,46.023468017578125,0.3295207626894969
clifford_t,ct_n20_d12,0.2,4,0.3291959519509065,0.0003248107385904,0.0005571717858713,0.0002785858929356,5.90789451225,23.631578049,46.023468017578125,0.3295207626894969
clifford_t,ct_n20_d12,0.2,5,0.3291901365468812,0.0003306261426157,0.0004827001075701,0.0002158700506546,5.9078090906,29.539045453,46.023468017578125,0.3295207626894969
clifford_t,ct_n20_d12,0.2,6,0.3291662011655625,0.0003545615239344,0.0004357028000275,0.0001778749232615,5.903667488166667,35.422004929,46.023468017578125,0.3295207626894969
clifford_t,ct_n20_d12,0.2,7,0.3291796486220495,0.0003411140674474,0.0003993285367066,0.0001509319999338,5.981300804857143,41.869105634,46.023468017578125,0.3295207626894969
clifford_t,ct_n20_d12,0.2,8,0.3291884745525743,0.0003322881369225,0.0003705482263097,0.0001310085817901,6.069059133,48.552473064,46.023468017578125,0.3295207626894969
clifford_t,ct_n20_d12,0.2,9,0.3291677158517777,0.0003530468377192,0.0003521662284312,0.0001173887428104,6.134492647111111,55.210433824,46.023468017578125,0.3295207626894969
clifford_t,ct_n20_d12,0.2,10,0.3291850670728969,0.0003356956166,0.0003365287272316,0.0001064197276129,6.0633201786,60.633201786,46.023468017578125,0.3295207626894969
ising,ising_n20_s12,0.05,1,0.7137227278847865,0.0003860655717894,,,19.379352557,19.379352557,31.35580444335937,0.7141087934565759
ising,ising_n20_s12,0.05,2,0.7137077054055814,0.0004010880509944,2.1244993832235615e-05,1.5022479205040185e-05,18.5773882695,37.154776539,31.386932373046875,0.7141087934565759
ising,ising_n20_s12,0.05,3,0.7137017197825478,0.0004070736740281,1.825261435433311e-05,1.0538151810888648e-05,17.671742395333332,53.015227186,31.386932373046875,0.7141087934565759
ising,ising_n20_s12,0.05,4,0.7136985128554256,0.0004102806011503,1.622475927245766e-05,8.11237963622883e-06,17.29743304825,69.189732193,31.386932373046875,0.7141087934565759
ising,ising_n20_s12,0.05,5,0.7137030985778013,0.0004056948787746,1.7394722148576713e-05,7.779156234787744e-06,17.601696426,88.00848213,31.386932373046875,0.7141087934565759
ising,ising_n20_s12,0.05,6,0.7137046974444736,0.0004040960121023,1.6043669614977533e-05,6.549800693081602e-06,17.615626303166668,105.693757819,31.386932373046875,0.7141087934565759
ising,ising_n20_s12,0.05,7,0.7137045086652826,0.0004042847912932,1.4654313654208104e-05,5.538809937624689e-06,17.360422056857143,121.522954398,31.386932373046875,0.7141087934565759
ising,ising_n20_s12,0.05,8,0.7137078324895405,0.0004009609670354,1.6506148997452157e-05,5.835804943686977e-06,17.77527588925,142.202207114,31.386932373046875,0.7141087934565759
ising,ising_n20_s12,0.05,9,0.713709722592117,0.0003990708644588,1.644836542440127e-05,5.482788474800424e-06,17.985812488222223,161.872312394,31.386932373046875,0.7141087934565759
ising,ising_n20_s12,0.05,10,0.713708549491475,0.0004002439651009,1.5945200119151946e-05,5.042315012370838e-06,17.9992664056,179.992664056,31.386932373046875,0.7141087934565759
ising,ising_n20_s12,0.1,1,0.71380166820676,0.0003071252498157,,,19.778620823,19.778620823,32.90318298339844,0.7141087934565759
ising,ising_n20_s12,0.1,2,0.713773707858802,0.0003350855977739,3.954190329117335e-05,2.7960347958211337e-05,19.760156821,39.520313642000005,32.95097351074219,0.7141087934565759
ising,ising_n20_s12,0.1,3,0.7137838085040599,0.0003249849525159,3.298257360830859e-05,1.904249775132361e-05,19.37788021933333,58.133640658,32.95097351074219,0.7141087934565759
ising,ising_n20_s12,0.1,4,0.7137906746776829,0.0003181187788929,3.02293036986723e-05,1.5114651849336152e-05,18.76674900525,75.06699602099998,32.95097351074219,0.7141087934565759
ising,ising_n20_s12,0.1,5,0.713784928865609,0.0003238645909668,2.9162130983948026e-05,1.3041701449772122e-05,18.5525537796,92.762768898,32.96562194824219,0.7141087934565759
ising,ising_n20_s12,0.1,6,0.7137861534869882,0.0003226399695877,2.6255325020915836e-05,1.0718691555361978e-05,19.231337482666667,115.388024896,32.975006103515625,0.7141087934565759
ising,ising_n20_s12,0.1,7,0.713782509616151,0.0003262838404248,2.5834014516529157e-05,9.76433968245267e-06,19.04774216542857,133.334195158,32.975006103515625,0.7141087934565759
ising,ising_n20_s12,0.1,8,0.7137833946127663,0.0003253988438096,2.404827912089863e-05,8.502350621127143e-06,19.028317327375,152.226538619,32.975006103515625,0.7141087934565759
ising,ising_n20_s12,0.1,9,0.7137806337051876,0.0003281597513883,2.397150930819202e-05,7.990503102730676e-06,18.972852901666663,170.755676115,32.975006103515625,0.7141087934565759
ising,ising_n20_s12,0.1,10,0.7137778938658753,0.0003308995907006,2.4204386239850183e-05,7.654098988436515e-06,18.9211411706,189.211411706,32.975006103515625,0.7141087934565759
ising,ising_n20_s12,0.2,1,0.7138419137131504,0.0002668797434255,,,20.233893104,20.233893104,35.969146728515625,0.7141087934565759
ising,ising_n20_s12,0.2,2,0.7138362039012418,0.0002725895553341,8.074893439843087e-06,5.709811908671813e-06,18.7060427825,37.412085565,35.98777770996094,0.7141087934565759
ising,ising_n20_s12,0.2,3,0.713832865523647,0.0002759279329289,8.126268942623649e-06,4.691703561531061e-06,19.483173227,58.449519681,35.98777770996094,0.7141087934565759
ising,ising_n20_s12,0.2,4,0.7138331079800166,0.0002756854765593,6.6527667164303936e-06,3.3263833582151968e-06,18.87086247575,75.48344990299998,35.98777770996094,0.7141087934565759
ising,ising_n20_s12,0.2,5,0.7138354876536926,0.0002733058028832,7.842749056353352e-06,3.5073840040956847e-06,18.8351533412,94.175766706,35.98777770996094,0.7141087934565759
ising,ising_n20_s12,0.2,6,0.7138311007921673,0.0002776926644085,1.2832548245002694e-05,5.238865883317396e-06,18.644416833166662,111.866500999,35.98777770996094,0.7141087934565759
ising,ising_n20_s12,0.2,7,0.7138310484650605,0.0002777449915154,1.1715278298006654e-05,4.427958988062522e-06,18.602606826571428,130.218247786,35.98777770996094,0.7141087934565759
ising,ising_n20_s12,0.2,8,0.713825542018655,0.0002832514379209,1.8979160701687088e-05,6.710146616696088e-06,19.013382769625,152.107062157,35.98777770996094,0.7141087934565759
ising,ising_n20_s12,0.2,9,0.7138266957699824,0.0002820976865934,1.808764087587566e-05,6.029213625291887e-06,19.352776184777778,174.174985663,35.98777770996094,0.7141087934565759
ising,ising_n20_s12,0.2,10,0.7138257980527201,0.0002829954038557,1.7287865638801236e-05,5.46690313015737e-06,19.7409969978,197.409969978,35.98777770996094,0.7141087934565759
clifford_t_depol,ct_depol_n20_d12,0.05,1,0.0667833008543583,0.0004615701483055,,,0.0400974419999999,0.0400974419999999,0.911773681640625,0.0663217307060527
clifford_t_depol,ct_depol_n20_d12,0.05,2,0.0659503662881251,0.0003713644179276,0.0011779473601363,0.0008329345662332,0.0385746654999999,0.0771493309999999,0.9137420654296876,0.0663217307060527
clifford_t_depol,ct_depol_n20_d12,0.05,3,0.0662280111435362,9.371956251659484e-05,0.0009617899920641,0.0005552897108221,0.0375748363333333,0.112724509,0.9137420654296876,0.0663217307060527
clifford_t_depol,ct_depol_n20_d12,0.05,4,0.0663668335712417,4.510286518893958e-05,0.0008329345662332,0.0004164672831166,0.0369708205,0.147883282,0.9137420654296876,0.0663217307060527
clifford_t_depol,ct_depol_n20_d12,0.05,5,0.0665733231301183,0.0002515924240655,0.000856460555627,0.0003830208044858,0.0368952342,0.1844761709999999,0.9137420654296876,0.0663217307060527
clifford_t_depol,ct_depol_n20_d12,0.05,6,0.0666996717024641,0.0003779409964113,0.0008261982311036,0.0003372940154323,0.0371023308333333,0.2226139849999999,0.9137420654296876,0.0663217307060527
clifford_t_depol,ct_depol_n20_d12,0.05,7,0.0667116187241633,0.0003898880181105,0.0007548744157306,0.0002853157107297,0.036779299,0.257455093,0.9137420654296876,0.0663217307060527
clifford_t_depol,ct_depol_n20_d12,0.05,8,0.0667090035409069,0.0003872728348541,0.0006989170495868,0.0002471044926248,0.0370402844999999,0.296322276,0.9137420654296876,0.0663217307060527
clifford_t_depol,ct_depol_n20_d12,0.05,9,0.0667604186317188,0.000438687925666,0.000671726146578,0.000223908715526,0.0368302419999999,0.331472178,0.9137420654296876,0.0663217307060527
clifford_t_depol,ct_depol_n20_d12,0.05,10,0.0667627068539828,0.00044097614793,0.0006333508212036,0.0002002831152941,0.0366512586,0.3665125859999999,0.9137420654296876,0.0663217307060527
clifford_t_depol,ct_depol_n20_d12,0.1,1,0.0674240181604389,0.0011022874543861,,,0.041417559,0.041417559,0.9646453857421876,0.0663217307060527
clifford_t_depol,ct_depol_n20_d12,0.1,2,0.0666250169949217,0.0003032862888689,0.0011299582846262,0.0007990011655171,0.0413040479999999,0.0826080959999999,0.971282958984375,0.0663217307060527
clifford_t_depol,ct_depol_n20_d12,0.1,3,0.0663586832730826,3.695256702988814e-05,0.0009226070759883,0.0005326674436781,0.0403795909999999,0.121138773,0.971282958984375,0.0663217307060527
clifford_t_depol,ct_depol_n20_d12,0.1,4,0.0666018660958602,0.0002801353898074,0.00089667204277,0.000448336021385,0.0396682205,0.158672882,0.971282958984375,0.0663217307060527
clifford_t_depol,ct_depol_n20_d12,0.1,5,0.0666651407297928,0.00034341002374,0.0007893250032214,0.0003529968727086,0.0392133038,0.1960665189999999,0.971282958984375,0.0663217307060527
clifford_t_depol,ct_depol_n20_d12,0.1,6,0.0667916203015671,0.0004698895955143,0.0007709796761431,0.0003147511347678,0.0391537918333333,0.2349227509999999,0.971282958984375,0.0663217307060527
clifford_t_depol,ct_depol_n20_d12,0.1,7,0.0668459230239453,0.0005241923178925,0.0007183194858779,0.0002714992459321,0.0391335174285714,0.273934622,0.971282958984375,0.0663217307060527
clifford_t_depol,ct_depol_n20_d12,0.1,8,0.0669350522174026,0.0006133215113498,0.0007112124494558,0.0002514515729372,0.0389820729999999,0.3118565839999999,0.971282958984375,0.0663217307060527
clifford_t_depol,ct_depol_n20_d12,0.1,9,0.0670043749234249,0.0006826442173721,0.0006970265366976,0.0002323421788992,0.0393439997777777,0.354095998,0.971282958984375,0.0663217307060527
clifford_t_depol,ct_depol_n20_d12,0.1,10,0.0670598330882428,0.00073810238219,0.0006801611465048,0.0002150858398906,0.0396406189,0.396406189,0.971282958984375,0.0663217307060527
clifford_t_depol,ct_depol_n20_d12,0.2,1,0.0675589565716037,0.0012372258655509,,,0.048151606,0.048151606,1.044708251953125,0.0663217307060527
clifford_t_depol,ct_depol_n20_d12,0.2,2,0.0663844959448708,6.276523881804108e-05,0.0016609381467988,0.0011744606267329,0.045921317,0.091842634,1.045623779296875,0.0663217307060527
clifford_t_depol,ct_depol_n20_d12,0.2,3,0.0662515609750416,7.016973101113544e-05,0.0011968178150229,0.0006909830876744,0.0448581096666666,0.1345743289999999,1.0494232177734375,0.0663217307060527
clifford_t_depol,ct_depol_n20_d12,0.2,4,0.0666015607732436,0.0002798300671908,0.0012020460431572,0.0006010230215786,0.0440641214999999,0.1762564859999999,1.0494232177734375,0.0663217307060527
clifford_t_depol,ct_depol_n20_d12,0.2,5,0.0664328784241894,0.0001111477181366,0.0011072283828618,0.0004951675861392,0.0433597157999999,0.2167985789999999,1.0494232177734375,0.0663217307060527
clifford_t_depol,ct_depol_n20_d12,0.2,6,0.066438520876072,0.0001167901700192,0.0009904316114862,0.0004043420122106,0.0433081571666666,0.259848943,1.0494232177734375,0.0663217307060527
clifford_t_depol,ct_depol_n20_d12,0.2,7,0.0663510201551195,2.9289449066771667e-05,0.0009333043165887,0.0003527558741767,0.04323072,0.30261504,1.0514373779296875,0.0663217307060527
clifford_t_depol,ct_depol_n20_d12,0.2,8,0.0663934797929936,7.174908694086712e-05,0.0008723776747396,0.000308432084782,0.043413833625,0.347310669,1.0514373779296875,0.0663217307060527
clifford_t_depol,ct_depol_n20_d12,0.2,9,0.0663763366080026,5.460590194981962e-05,0.0008176536281249,0.0002725512093749,0.0432912345555555,0.389621111,1.0514373779296875,0.0663217307060527
clifford_t_depol,ct_depol_n20_d12,0.2,10,0.0663237782096242,2.047503571411813e-06,0.0007886045563241,0.000249378657117,0.0432437744999999,0.4324377449999999,1.0514373779296875,0.0663217307060527
