calibration_label,method,case,nominal_mb,reps,mean,variance,stderr,abs_error,mean_runtime_s,peak_pre_est_mb,avg_deterministic_fraction,bfs_error_target,required_replicas,ideal_wall_100_s,wall100_vs_singlecore_bfs
ct_peak_8mb,ordinary_multinomial,ct,2.5,30,0.330082236525069,0.011909399465251,0.0199243565059209,0.0005614738355717,0.691738579,7.04910278320312,0.0,0.000685484022004,25346,175.701599066,47.23161265215054
ct_peak_8mb,residual_multinomial,ct,3.0,30,0.33056307000954,0.002906639420743,0.009843169240211,0.001042307320043,0.901146362066667,8.50483703613281,0.342943149142795,0.000685484022004,6186,55.87107444813336,15.01910603444445
ct_peak_8mb,residual_dependent_rounding,ct,2.3,30,0.322975546416377,0.0011159535438449,0.0060990533250248,0.0065452162731203,0.5762371488,8.080078125,0.292686688957886,0.000685484022004,2375,13.8296915712,3.717659024516129
ct_peak_16mb,ordinary_multinomial,ct,6.5,20,0.320812659932827,0.0034913457869184,0.0132123915074419,0.0087081027566695,1.86754035965,15.4077758789062,0.0,0.000685484022004,7431,140.06552697375,37.65202338004032
ct_peak_16mb,residual_multinomial,ct,6.0,20,0.324726361017829,0.0005592703829549,0.0052880543820715,0.004794401671668,2.00468204305,15.9842376708984,0.304022979736328,0.000685484022004,1191,24.0561845166,6.466716267903225
ct_peak_16mb,residual_dependent_rounding,ct,5.5,20,0.326876725326199,0.0003020586816983,0.0038862493595906,0.0026440373632975,1.622005169,16.2367858886719,0.361607587245836,0.000685484022004,643,11.354036183,3.052160264247312
ct_peak_32mb,ordinary_multinomial,ct,18.0,10,0.339600959644099,0.0018024031820273,0.0134253610082832,0.0100801969546019,4.9203016401,32.8334655761719,0.0,0.000685484022004,3836,191.8917639639,51.58380751717741
ct_peak_32mb,residual_multinomial,ct,18.0,10,0.329251189293572,6.37988671983757e-05,0.0025258437639405,0.0002695733959251,4.0805092117,31.9219665527344,0.516417058308919,0.000685484022004,136,8.1610184234,2.193822156827957
ct_peak_32mb,residual_dependent_rounding,ct,16.0,10,0.328055187017395,3.33923503990237e-05,0.0018273573924939,0.0014655756721024,4.4723260473,32.8335113525391,0.473813747228381,0.000685484022004,72,4.4723260473,1.2022381847580643
ct_bfs_memory_upper_bracket,ordinary_multinomial,ct,20.8,6,0.323223731721078,0.0007942316366405,0.0115053004932552,0.0062970309684186,8.57815421816667,42.5193328857422,0.0,0.000685484022004,1691,145.8286217088334,39.20124239484768
ct_bfs_memory_upper_bracket,residual_multinomial,ct,21.0,6,0.330483105455083,1.30287051478893e-05,0.0014735843572668,0.0009623427655864,8.5646057605,42.5193328857422,0.499987526545449,0.000685484022004,28,8.5646057605,2.3023133764784944
ct_bfs_memory_upper_bracket,residual_dependent_rounding,ct,21.0,6,0.327599665000556,5.24215884863243e-05,0.0029558300719742,0.001921097688941,9.00360551116667,42.5193328857422,0.480491517082093,0.000685484022004,112,18.00721102233334,4.840648124283156
ising_peak_8mb,ordinary_multinomial,ising,2.2,20,0.683369929004828,0.075586102107288,0.0614760531049644,0.0307388644517483,2.0603247263,8.38330078125,0.0,0.000450219732276,372901,7685.011229099001,725.6856684701606
ising_peak_8mb,residual_multinomial,ising,2.2,20,0.699032628539226,0.0181635857243547,0.0301360131108568,0.0150761649173501,2.1102601756,8.04107666015625,0.689854158496858,0.000450219732276,89610,1892.9033775132,178.74441714005667
ising_peak_8mb,residual_dependent_rounding,ising,2.2,20,0.72234147676141,0.0019320371737766,0.0098286244555802,0.0082326833048344,2.10181906735,8.93925476074219,0.587704189261134,0.000450219732276,9532,201.7746304656,19.053317324419265
ising_peak_16mb,ordinary_multinomial,ising,4.0,12,0.742010544798547,0.0123565776747726,0.032089169609559,0.0279017513419714,4.0927634465,15.5088958740234,0.0,0.000450219732276,60961,2496.585702365,235.74935810812087
ising_peak_16mb,residual_multinomial,ising,5.0,12,0.709175743257869,0.0003218428322436,0.0051788257375877,0.0049330501987071,4.556637039,15.8542785644531,0.756764897052924,0.000450219732276,1588,72.906192624,6.884437452691218
ising_peak_16mb,residual_dependent_rounding,ising,5.0,12,0.714551163315698,0.0001230341157769,0.0032020060870351,0.0004423698591221,4.49852089108333,16.0733642578125,0.691862195370289,0.000450219732276,607,31.489646237583308,2.973526556901162
ising_bfs_memory_bracket,ordinary_multinomial,ising,9.0,6,0.736862229381989,0.0028561487690567,0.0218179924567498,0.0227534359254128,9.344610726,25.0339965820312,0.0,0.000450219732276,14091,1317.590112366,124.4183297796034
ising_bfs_memory_bracket,residual_multinomial,ising,9.0,6,0.713667137913688,4.53589575741777e-05,0.0027495138229081,0.0004416555428882,10.164074425,29.0112762451172,0.787076566762206,0.000450219732276,224,30.492223275,2.879341196883853
ising_bfs_memory_bracket,residual_dependent_rounding,ising,10.0,6,0.713412805458014,2.50197716590848e-05,0.0020420484673926,0.0006959879985619,11.6671114353333,27.5695953369141,0.762487265918776,0.000450219732276,124,23.3342228706666,2.2034204788164877
noisy_near_bfs_memory,ordinary_multinomial,ct_noisy,0.24,100,0.0633920863930568,0.0016620381809491,0.0040768102493851,0.002929644312996,0.0866130376,1.43330383300781,0.0,0.000461570148306,7802,6.8424299704,166.8885358634146
noisy_near_bfs_memory,residual_multinomial,ct_noisy,0.25,100,0.0685088803207412,0.0004199401927785,0.0020492442333176,0.0021871496146884,0.0879433356800001,1.41412353515625,0.308210361786172,0.000461570148306,1972,1.758866713600002,42.899188136585416
noisy_near_bfs_memory,residual_dependent_rounding,ct_noisy,0.2,100,0.0684662478825124,0.0002786181879927,0.0016691859932097,0.0021445171764596,0.07267153309,0.954574584960938,0.247146658274205,0.000461570148306,1308,1.01740146326,24.81466983560976
noisy_peak_8mb,ordinary_multinomial,ct_noisy,4.0,20,0.0650430294117807,5.90974974329489e-05,0.0017189749479406,0.0012787012942721,0.99087012085,8.32717895507812,0.0,0.000461570148306,278,2.97261036255,72.5026917695122
noisy_peak_8mb,residual_multinomial,ct_noisy,4.0,20,0.0661924864570107,1.65910282243179e-06,0.0002880193415755,0.000129244249042,0.91298648995,8.50053405761719,0.434642199105069,0.000461570148306,8,0.91298648995,22.267963169512196
noisy_peak_8mb,residual_dependent_rounding,ct_noisy,2.8,20,0.0663507620513961,1.40837350790929e-06,0.0002653651736672,2.90313453433222e-05,0.74138690885,7.29698181152344,0.426669091761218,0.000461570148306,7,0.74138690885,18.08260753292683
noisy_peak_16mb,ordinary_multinomial,ct_noisy,8.0,12,0.0662349741791398,1.29044105654484e-05,0.0010369992994793,8.67565269130205e-05,2.01806699908333,14.3992767333984,0.0,0.000461570148306,61,2.01806699908333,49.22114631910561
noisy_peak_16mb,residual_multinomial,ct_noisy,8.0,12,0.0663138198451548,3.66968511297214e-07,0.0001748734092844,7.91086089797777e-06,2.01004012125,15.1565093994141,0.506969955329725,0.000461570148306,2,2.01004012125,49.02536881097561
noisy_peak_16mb,residual_dependent_rounding,ct_noisy,8.0,12,0.0663063485225976,1.47830080293566e-07,0.0001109917715769,1.53821834552315e-05,2.14418893466667,16.5198669433594,0.491465655195828,0.000461570148306,1,2.14418893466667,52.29729108943098
